{
  "entity": {
    "type": "email",
    "value": "chloupekmilos3@gmail.com"
  },
  "threshold": 0.5,
  "windowA": {
    "label": "Historical Investigation (2025-03-25 to 2025-05-24) \u00b7 expanded",
    "start": "2025-02-25T00:03:09.257567-04:00",
    "end": "2025-05-24T00:03:09.257567-04:00",
    "auto_expand_meta": {
      "expanded": true,
      "attempts": [
        60,
        88
      ],
      "reasons": [
        "max_days_reached"
      ],
      "effective_support": {
        "known_transactions": 20,
        "actual_frauds": 3,
        "predicted_positives": 20
      }
    }
  },
  "windowB": {
    "label": "Validation Period (2025-05-24 to 2025-08-22)",
    "start": "2025-05-24T00:03:09.257567-04:00",
    "end": "2025-08-22T00:03:09.257567-04:00",
    "auto_expand_meta": {
      "expanded": false,
      "attempts": [
        90,
        90
      ],
      "reasons": [
        "max_days_reached"
      ],
      "effective_support": {
        "known_transactions": 0,
        "actual_frauds": 0,
        "predicted_positives": 0
      }
    }
  },
  "A": {
    "total_transactions": 20,
    "over_threshold": 0,
    "TP": 0,
    "FP": 0,
    "TN": 17,
    "FN": 3,
    "precision": 0.0,
    "recall": 0.0,
    "f1": 0.0,
    "accuracy": 0.85,
    "fraud_rate": 0.15,
    "pending_label_count": null,
    "brier": null,
    "log_loss": null,
    "source": "auto-comp-e98471457c86",
    "ci": {
      "precision": null,
      "recall": [
        0.0,
        0.5614970317550454
      ],
      "accuracy": [
        0.6395811352592431,
        0.9476312541037835
      ]
    },
    "support": {
      "known_transactions": 20,
      "predicted_positives": 0,
      "actual_frauds": 3
    },
    "power": {
      "status": "low_power",
      "reasons": [
        "known_transactions<100",
        "actual_frauds<10",
        "predicted_positives<30"
      ]
    },
    "risk_histogram": [
      {
        "bin": "0.3-0.3",
        "n": 12
      },
      {
        "bin": "0.3-0.3",
        "n": 1
      },
      {
        "bin": "0.3-0.3",
        "n": 0
      },
      {
        "bin": "0.3-0.3",
        "n": 3
      },
      {
        "bin": "0.3-0.4",
        "n": 1
      },
      {
        "bin": "0.4-0.4",
        "n": 1
      },
      {
        "bin": "0.4-0.4",
        "n": 0
      },
      {
        "bin": "0.4-0.4",
        "n": 0
      },
      {
        "bin": "0.4-0.4",
        "n": 0
      },
      {
        "bin": "0.4-0.4",
        "n": 2
      }
    ],
    "timeseries_daily": [
      {
        "date": "2025-03-25",
        "count": 0,
        "TP": null,
        "FP": null,
        "TN": null,
        "FN": null
      },
      {
        "date": "2025-03-26",
        "count": 0,
        "TP": null,
        "FP": null,
        "TN": null,
        "FN": null
      },
      {
        "date": "2025-03-27",
        "count": 0,
        "TP": null,
        "FP": null,
        "TN": null,
        "FN": null
      },
      {
        "date": "2025-03-28",
        "count": 0,
        "TP": null,
        "FP": null,
        "TN": null,
        "FN": null
      },
      {
        "date": "2025-03-29",
        "count": 0,
        "TP": null,
        "FP": null,
        "TN": null,
        "FN": null
      },
      {
        "date": "2025-03-30",
        "count": 0,
        "TP": null,
        "FP": null,
        "TN": null,
        "FN": null
      },
      {
        "date": "2025-03-31",
        "count": 0,
        "TP": null,
        "FP": null,
        "TN": null,
        "FN": null
      },
      {
        "date": "2025-04-01",
        "count": 0,
        "TP": null,
        "FP": null,
        "TN": null,
        "FN": null
      },
      {
        "date": "2025-04-02",
        "count": 0,
        "TP": null,
        "FP": null,
        "TN": null,
        "FN": null
      },
      {
        "date": "2025-04-03",
        "count": 0,
        "TP": null,
        "FP": null,
        "TN": null,
        "FN": null
      },
      {
        "date": "2025-04-04",
        "count": 0,
        "TP": null,
        "FP": null,
        "TN": null,
        "FN": null
      },
      {
        "date": "2025-04-05",
        "count": 0,
        "TP": null,
        "FP": null,
        "TN": null,
        "FN": null
      },
      {
        "date": "2025-04-06",
        "count": 0,
        "TP": null,
        "FP": null,
        "TN": null,
        "FN": null
      },
      {
        "date": "2025-04-07",
        "count": 0,
        "TP": null,
        "FP": null,
        "TN": null,
        "FN": null
      },
      {
        "date": "2025-04-08",
        "count": 0,
        "TP": null,
        "FP": null,
        "TN": null,
        "FN": null
      },
      {
        "date": "2025-04-09",
        "count": 0,
        "TP": null,
        "FP": null,
        "TN": null,
        "FN": null
      },
      {
        "date": "2025-04-10",
        "count": 0,
        "TP": null,
        "FP": null,
        "TN": null,
        "FN": null
      },
      {
        "date": "2025-04-11",
        "count": 0,
        "TP": null,
        "FP": null,
        "TN": null,
        "FN": null
      },
      {
        "date": "2025-04-12",
        "count": 0,
        "TP": null,
        "FP": null,
        "TN": null,
        "FN": null
      },
      {
        "date": "2025-04-13",
        "count": 0,
        "TP": null,
        "FP": null,
        "TN": null,
        "FN": null
      },
      {
        "date": "2025-04-14",
        "count": 0,
        "TP": null,
        "FP": null,
        "TN": null,
        "FN": null
      },
      {
        "date": "2025-04-15",
        "count": 0,
        "TP": null,
        "FP": null,
        "TN": null,
        "FN": null
      },
      {
        "date": "2025-04-16",
        "count": 0,
        "TP": null,
        "FP": null,
        "TN": null,
        "FN": null
      },
      {
        "date": "2025-04-17",
        "count": 0,
        "TP": null,
        "FP": null,
        "TN": null,
        "FN": null
      },
      {
        "date": "2025-04-18",
        "count": 0,
        "TP": null,
        "FP": null,
        "TN": null,
        "FN": null
      },
      {
        "date": "2025-04-19",
        "count": 0,
        "TP": null,
        "FP": null,
        "TN": null,
        "FN": null
      },
      {
        "date": "2025-04-20",
        "count": 0,
        "TP": null,
        "FP": null,
        "TN": null,
        "FN": null
      },
      {
        "date": "2025-04-21",
        "count": 0,
        "TP": null,
        "FP": null,
        "TN": null,
        "FN": null
      },
      {
        "date": "2025-04-22",
        "count": 0,
        "TP": null,
        "FP": null,
        "TN": null,
        "FN": null
      },
      {
        "date": "2025-04-23",
        "count": 0,
        "TP": null,
        "FP": null,
        "TN": null,
        "FN": null
      },
      {
        "date": "2025-04-24",
        "count": 0,
        "TP": null,
        "FP": null,
        "TN": null,
        "FN": null
      },
      {
        "date": "2025-04-25",
        "count": 0,
        "TP": null,
        "FP": null,
        "TN": null,
        "FN": null
      },
      {
        "date": "2025-04-26",
        "count": 0,
        "TP": null,
        "FP": null,
        "TN": null,
        "FN": null
      },
      {
        "date": "2025-04-27",
        "count": 0,
        "TP": null,
        "FP": null,
        "TN": null,
        "FN": null
      },
      {
        "date": "2025-04-28",
        "count": 0,
        "TP": null,
        "FP": null,
        "TN": null,
        "FN": null
      },
      {
        "date": "2025-04-29",
        "count": 0,
        "TP": null,
        "FP": null,
        "TN": null,
        "FN": null
      },
      {
        "date": "2025-04-30",
        "count": 0,
        "TP": null,
        "FP": null,
        "TN": null,
        "FN": null
      },
      {
        "date": "2025-05-01",
        "count": 0,
        "TP": null,
        "FP": null,
        "TN": null,
        "FN": null
      },
      {
        "date": "2025-05-02",
        "count": 0,
        "TP": null,
        "FP": null,
        "TN": null,
        "FN": null
      },
      {
        "date": "2025-05-03",
        "count": 0,
        "TP": null,
        "FP": null,
        "TN": null,
        "FN": null
      },
      {
        "date": "2025-05-04",
        "count": 0,
        "TP": null,
        "FP": null,
        "TN": null,
        "FN": null
      },
      {
        "date": "2025-05-05",
        "count": 0,
        "TP": null,
        "FP": null,
        "TN": null,
        "FN": null
      },
      {
        "date": "2025-05-06",
        "count": 0,
        "TP": null,
        "FP": null,
        "TN": null,
        "FN": null
      },
      {
        "date": "2025-05-07",
        "count": 0,
        "TP": null,
        "FP": null,
        "TN": null,
        "FN": null
      },
      {
        "date": "2025-05-08",
        "count": 0,
        "TP": null,
        "FP": null,
        "TN": null,
        "FN": null
      },
      {
        "date": "2025-05-09",
        "count": 0,
        "TP": null,
        "FP": null,
        "TN": null,
        "FN": null
      },
      {
        "date": "2025-05-10",
        "count": 0,
        "TP": null,
        "FP": null,
        "TN": null,
        "FN": null
      },
      {
        "date": "2025-05-11",
        "count": 0,
        "TP": null,
        "FP": null,
        "TN": null,
        "FN": null
      },
      {
        "date": "2025-05-12",
        "count": 0,
        "TP": null,
        "FP": null,
        "TN": null,
        "FN": null
      },
      {
        "date": "2025-05-13",
        "count": 0,
        "TP": null,
        "FP": null,
        "TN": null,
        "FN": null
      },
      {
        "date": "2025-05-14",
        "count": 0,
        "TP": null,
        "FP": null,
        "TN": null,
        "FN": null
      },
      {
        "date": "2025-05-15",
        "count": 0,
        "TP": null,
        "FP": null,
        "TN": null,
        "FN": null
      },
      {
        "date": "2025-05-16",
        "count": 0,
        "TP": null,
        "FP": null,
        "TN": null,
        "FN": null
      },
      {
        "date": "2025-05-17",
        "count": 0,
        "TP": null,
        "FP": null,
        "TN": null,
        "FN": null
      },
      {
        "date": "2025-05-18",
        "count": 0,
        "TP": null,
        "FP": null,
        "TN": null,
        "FN": null
      },
      {
        "date": "2025-05-19",
        "count": 0,
        "TP": null,
        "FP": null,
        "TN": null,
        "FN": null
      },
      {
        "date": "2025-05-20",
        "count": 0,
        "TP": null,
        "FP": null,
        "TN": null,
        "FN": null
      },
      {
        "date": "2025-05-21",
        "count": 0,
        "TP": null,
        "FP": null,
        "TN": null,
        "FN": null
      },
      {
        "date": "2025-05-22",
        "count": 0,
        "TP": null,
        "FP": null,
        "TN": null,
        "FN": null
      },
      {
        "date": "2025-05-23",
        "count": 0,
        "TP": null,
        "FP": null,
        "TN": null,
        "FN": null
      },
      {
        "date": "2025-05-24",
        "count": 0,
        "TP": null,
        "FP": null,
        "TN": null,
        "FN": null
      }
    ]
  },
  "B": {
    "total_transactions": 0,
    "over_threshold": 0,
    "TP": 0,
    "FP": 0,
    "TN": 0,
    "FN": 0,
    "precision": 0.0,
    "recall": 0.0,
    "f1": 0.0,
    "accuracy": 0.0,
    "fraud_rate": 0.0,
    "pending_label_count": null,
    "brier": null,
    "log_loss": null,
    "source": "fallback",
    "ci": null,
    "support": null,
    "power": null,
    "risk_histogram": null,
    "timeseries_daily": null
  },
  "delta": {
    "precision": 0.0,
    "recall": 0.0,
    "f1": 0.0,
    "accuracy": -0.85,
    "fraud_rate": -0.15,
    "psi_predicted_risk": null,
    "ks_stat_predicted_risk": null
  },
  "per_merchant": [],
  "excluded_missing_predicted_risk": null,
  "investigation_summary": "Comparison analysis for email 'chloupekmilos3@gmail.com' comparing Historical Investigation (2025-03-25 to 2025-05-24) \u00b7 expanded (20 transactions) vs Validation Period (2025-05-24 to 2025-08-22) (0 transactions). Transaction volume decreased by 0.0% in Validation Period (2025-05-24 to 2025-08-22), with 0 transactions exceeding risk threshold (vs 0 in Historical Investigation (2025-03-25 to 2025-05-24) \u00b7 expanded). Key metric changes: fraud rate decreased by 15.0%. Model performance shows decline with F1 score decreasing by 0.0%."
}