{
  "entity": {
    "type": "email",
    "value": "okuoku1959122@gmail.com"
  },
  "threshold": 0.7,
  "windowA": {
    "label": "Historical Investigation (2025-05-14 to 2025-11-10)",
    "start": "2025-05-14T22:40:00.434000-04:00",
    "end": "2025-11-10T21:40:00.434000-05:00",
    "auto_expand_meta": {
      "expanded": false,
      "attempts": [
        180,
        180
      ],
      "reasons": [
        "max_days_reached"
      ],
      "effective_support": {
        "known_transactions": 0,
        "actual_frauds": 0,
        "predicted_positives": 0
      }
    }
  },
  "windowB": {
    "label": "Validation Period (2025-11-10 to 2025-11-14) \u00b7 expanded",
    "start": "2025-09-22T21:40:00.434000-05:00",
    "end": "2025-11-14T07:55:05.855493-05:00",
    "auto_expand_meta": {
      "expanded": true,
      "attempts": [
        3,
        52
      ],
      "reasons": [
        "max_days_reached"
      ],
      "effective_support": {
        "known_transactions": 0,
        "actual_frauds": 0,
        "predicted_positives": 0
      }
    }
  },
  "A": {
    "total_transactions": 50,
    "over_threshold": 0,
    "TP": 0,
    "FP": 0,
    "TN": 0,
    "FN": 0,
    "precision": 0.0,
    "recall": 0.0,
    "f1": 0.0,
    "accuracy": 0.0,
    "fraud_rate": 0.0,
    "pending_label_count": 50,
    "brier": null,
    "log_loss": null,
    "source": "inv-1762911549893-xk0267ez",
    "ci": {
      "precision": null,
      "recall": null,
      "accuracy": null
    },
    "support": {
      "known_transactions": 0,
      "predicted_positives": 0,
      "actual_frauds": 0
    },
    "power": {
      "status": "low_power",
      "reasons": [
        "known_transactions<100",
        "actual_frauds<10",
        "predicted_positives<30"
      ]
    },
    "risk_histogram": [
      {
        "bin": "0.0-0.1",
        "n": 0
      },
      {
        "bin": "0.1-0.2",
        "n": 0
      },
      {
        "bin": "0.2-0.3",
        "n": 0
      },
      {
        "bin": "0.3-0.4",
        "n": 0
      },
      {
        "bin": "0.4-0.5",
        "n": 0
      },
      {
        "bin": "0.5-0.6",
        "n": 0
      },
      {
        "bin": "0.6-0.7",
        "n": 0
      },
      {
        "bin": "0.7-0.8",
        "n": 0
      },
      {
        "bin": "0.8-0.9",
        "n": 0
      },
      {
        "bin": "0.9-1.0",
        "n": 0
      }
    ],
    "timeseries_daily": [
      {
        "date": "2025-05-14",
        "count": 0,
        "TP": null,
        "FP": null,
        "TN": null,
        "FN": null
      },
      {
        "date": "2025-05-15",
        "count": 0,
        "TP": null,
        "FP": null,
        "TN": null,
        "FN": null
      },
      {
        "date": "2025-05-16",
        "count": 0,
        "TP": null,
        "FP": null,
        "TN": null,
        "FN": null
      },
      {
        "date": "2025-05-17",
        "count": 0,
        "TP": null,
        "FP": null,
        "TN": null,
        "FN": null
      },
      {
        "date": "2025-05-18",
        "count": 0,
        "TP": null,
        "FP": null,
        "TN": null,
        "FN": null
      },
      {
        "date": "2025-05-19",
        "count": 0,
        "TP": null,
        "FP": null,
        "TN": null,
        "FN": null
      },
      {
        "date": "2025-05-20",
        "count": 0,
        "TP": null,
        "FP": null,
        "TN": null,
        "FN": null
      },
      {
        "date": "2025-05-21",
        "count": 0,
        "TP": null,
        "FP": null,
        "TN": null,
        "FN": null
      },
      {
        "date": "2025-05-22",
        "count": 0,
        "TP": null,
        "FP": null,
        "TN": null,
        "FN": null
      },
      {
        "date": "2025-05-23",
        "count": 0,
        "TP": null,
        "FP": null,
        "TN": null,
        "FN": null
      },
      {
        "date": "2025-05-24",
        "count": 0,
        "TP": null,
        "FP": null,
        "TN": null,
        "FN": null
      },
      {
        "date": "2025-05-25",
        "count": 0,
        "TP": null,
        "FP": null,
        "TN": null,
        "FN": null
      },
      {
        "date": "2025-05-26",
        "count": 0,
        "TP": null,
        "FP": null,
        "TN": null,
        "FN": null
      },
      {
        "date": "2025-05-27",
        "count": 0,
        "TP": null,
        "FP": null,
        "TN": null,
        "FN": null
      },
      {
        "date": "2025-05-28",
        "count": 0,
        "TP": null,
        "FP": null,
        "TN": null,
        "FN": null
      },
      {
        "date": "2025-05-29",
        "count": 0,
        "TP": null,
        "FP": null,
        "TN": null,
        "FN": null
      },
      {
        "date": "2025-05-30",
        "count": 0,
        "TP": null,
        "FP": null,
        "TN": null,
        "FN": null
      },
      {
        "date": "2025-05-31",
        "count": 0,
        "TP": null,
        "FP": null,
        "TN": null,
        "FN": null
      },
      {
        "date": "2025-06-01",
        "count": 0,
        "TP": null,
        "FP": null,
        "TN": null,
        "FN": null
      },
      {
        "date": "2025-06-02",
        "count": 0,
        "TP": null,
        "FP": null,
        "TN": null,
        "FN": null
      },
      {
        "date": "2025-06-03",
        "count": 0,
        "TP": null,
        "FP": null,
        "TN": null,
        "FN": null
      },
      {
        "date": "2025-06-04",
        "count": 0,
        "TP": null,
        "FP": null,
        "TN": null,
        "FN": null
      },
      {
        "date": "2025-06-05",
        "count": 0,
        "TP": null,
        "FP": null,
        "TN": null,
        "FN": null
      },
      {
        "date": "2025-06-06",
        "count": 0,
        "TP": null,
        "FP": null,
        "TN": null,
        "FN": null
      },
      {
        "date": "2025-06-07",
        "count": 0,
        "TP": null,
        "FP": null,
        "TN": null,
        "FN": null
      },
      {
        "date": "2025-06-08",
        "count": 0,
        "TP": null,
        "FP": null,
        "TN": null,
        "FN": null
      },
      {
        "date": "2025-06-09",
        "count": 0,
        "TP": null,
        "FP": null,
        "TN": null,
        "FN": null
      },
      {
        "date": "2025-06-10",
        "count": 0,
        "TP": null,
        "FP": null,
        "TN": null,
        "FN": null
      },
      {
        "date": "2025-06-11",
        "count": 0,
        "TP": null,
        "FP": null,
        "TN": null,
        "FN": null
      },
      {
        "date": "2025-06-12",
        "count": 0,
        "TP": null,
        "FP": null,
        "TN": null,
        "FN": null
      },
      {
        "date": "2025-06-13",
        "count": 0,
        "TP": null,
        "FP": null,
        "TN": null,
        "FN": null
      },
      {
        "date": "2025-06-14",
        "count": 0,
        "TP": null,
        "FP": null,
        "TN": null,
        "FN": null
      },
      {
        "date": "2025-06-15",
        "count": 0,
        "TP": null,
        "FP": null,
        "TN": null,
        "FN": null
      },
      {
        "date": "2025-06-16",
        "count": 0,
        "TP": null,
        "FP": null,
        "TN": null,
        "FN": null
      },
      {
        "date": "2025-06-17",
        "count": 0,
        "TP": null,
        "FP": null,
        "TN": null,
        "FN": null
      },
      {
        "date": "2025-06-18",
        "count": 0,
        "TP": null,
        "FP": null,
        "TN": null,
        "FN": null
      },
      {
        "date": "2025-06-19",
        "count": 0,
        "TP": null,
        "FP": null,
        "TN": null,
        "FN": null
      },
      {
        "date": "2025-06-20",
        "count": 0,
        "TP": null,
        "FP": null,
        "TN": null,
        "FN": null
      },
      {
        "date": "2025-06-21",
        "count": 0,
        "TP": null,
        "FP": null,
        "TN": null,
        "FN": null
      },
      {
        "date": "2025-06-22",
        "count": 0,
        "TP": null,
        "FP": null,
        "TN": null,
        "FN": null
      },
      {
        "date": "2025-06-23",
        "count": 0,
        "TP": null,
        "FP": null,
        "TN": null,
        "FN": null
      },
      {
        "date": "2025-06-24",
        "count": 0,
        "TP": null,
        "FP": null,
        "TN": null,
        "FN": null
      },
      {
        "date": "2025-06-25",
        "count": 0,
        "TP": null,
        "FP": null,
        "TN": null,
        "FN": null
      },
      {
        "date": "2025-06-26",
        "count": 0,
        "TP": null,
        "FP": null,
        "TN": null,
        "FN": null
      },
      {
        "date": "2025-06-27",
        "count": 0,
        "TP": null,
        "FP": null,
        "TN": null,
        "FN": null
      },
      {
        "date": "2025-06-28",
        "count": 0,
        "TP": null,
        "FP": null,
        "TN": null,
        "FN": null
      },
      {
        "date": "2025-06-29",
        "count": 0,
        "TP": null,
        "FP": null,
        "TN": null,
        "FN": null
      },
      {
        "date": "2025-06-30",
        "count": 0,
        "TP": null,
        "FP": null,
        "TN": null,
        "FN": null
      },
      {
        "date": "2025-07-01",
        "count": 0,
        "TP": null,
        "FP": null,
        "TN": null,
        "FN": null
      },
      {
        "date": "2025-07-02",
        "count": 0,
        "TP": null,
        "FP": null,
        "TN": null,
        "FN": null
      },
      {
        "date": "2025-07-03",
        "count": 0,
        "TP": null,
        "FP": null,
        "TN": null,
        "FN": null
      },
      {
        "date": "2025-07-04",
        "count": 0,
        "TP": null,
        "FP": null,
        "TN": null,
        "FN": null
      },
      {
        "date": "2025-07-05",
        "count": 0,
        "TP": null,
        "FP": null,
        "TN": null,
        "FN": null
      },
      {
        "date": "2025-07-06",
        "count": 0,
        "TP": null,
        "FP": null,
        "TN": null,
        "FN": null
      },
      {
        "date": "2025-07-07",
        "count": 0,
        "TP": null,
        "FP": null,
        "TN": null,
        "FN": null
      },
      {
        "date": "2025-07-08",
        "count": 0,
        "TP": null,
        "FP": null,
        "TN": null,
        "FN": null
      },
      {
        "date": "2025-07-09",
        "count": 0,
        "TP": null,
        "FP": null,
        "TN": null,
        "FN": null
      },
      {
        "date": "2025-07-10",
        "count": 0,
        "TP": null,
        "FP": null,
        "TN": null,
        "FN": null
      },
      {
        "date": "2025-07-11",
        "count": 0,
        "TP": null,
        "FP": null,
        "TN": null,
        "FN": null
      },
      {
        "date": "2025-07-12",
        "count": 0,
        "TP": null,
        "FP": null,
        "TN": null,
        "FN": null
      },
      {
        "date": "2025-07-13",
        "count": 0,
        "TP": null,
        "FP": null,
        "TN": null,
        "FN": null
      },
      {
        "date": "2025-07-14",
        "count": 0,
        "TP": null,
        "FP": null,
        "TN": null,
        "FN": null
      },
      {
        "date": "2025-07-15",
        "count": 0,
        "TP": null,
        "FP": null,
        "TN": null,
        "FN": null
      },
      {
        "date": "2025-07-16",
        "count": 0,
        "TP": null,
        "FP": null,
        "TN": null,
        "FN": null
      },
      {
        "date": "2025-07-17",
        "count": 0,
        "TP": null,
        "FP": null,
        "TN": null,
        "FN": null
      },
      {
        "date": "2025-07-18",
        "count": 0,
        "TP": null,
        "FP": null,
        "TN": null,
        "FN": null
      },
      {
        "date": "2025-07-19",
        "count": 0,
        "TP": null,
        "FP": null,
        "TN": null,
        "FN": null
      },
      {
        "date": "2025-07-20",
        "count": 0,
        "TP": null,
        "FP": null,
        "TN": null,
        "FN": null
      },
      {
        "date": "2025-07-21",
        "count": 0,
        "TP": null,
        "FP": null,
        "TN": null,
        "FN": null
      },
      {
        "date": "2025-07-22",
        "count": 0,
        "TP": null,
        "FP": null,
        "TN": null,
        "FN": null
      },
      {
        "date": "2025-07-23",
        "count": 0,
        "TP": null,
        "FP": null,
        "TN": null,
        "FN": null
      },
      {
        "date": "2025-07-24",
        "count": 0,
        "TP": null,
        "FP": null,
        "TN": null,
        "FN": null
      },
      {
        "date": "2025-07-25",
        "count": 0,
        "TP": null,
        "FP": null,
        "TN": null,
        "FN": null
      },
      {
        "date": "2025-07-26",
        "count": 0,
        "TP": null,
        "FP": null,
        "TN": null,
        "FN": null
      },
      {
        "date": "2025-07-27",
        "count": 0,
        "TP": null,
        "FP": null,
        "TN": null,
        "FN": null
      },
      {
        "date": "2025-07-28",
        "count": 0,
        "TP": null,
        "FP": null,
        "TN": null,
        "FN": null
      },
      {
        "date": "2025-07-29",
        "count": 0,
        "TP": null,
        "FP": null,
        "TN": null,
        "FN": null
      },
      {
        "date": "2025-07-30",
        "count": 0,
        "TP": null,
        "FP": null,
        "TN": null,
        "FN": null
      },
      {
        "date": "2025-07-31",
        "count": 0,
        "TP": null,
        "FP": null,
        "TN": null,
        "FN": null
      },
      {
        "date": "2025-08-01",
        "count": 0,
        "TP": null,
        "FP": null,
        "TN": null,
        "FN": null
      },
      {
        "date": "2025-08-02",
        "count": 0,
        "TP": null,
        "FP": null,
        "TN": null,
        "FN": null
      },
      {
        "date": "2025-08-03",
        "count": 0,
        "TP": null,
        "FP": null,
        "TN": null,
        "FN": null
      },
      {
        "date": "2025-08-04",
        "count": 0,
        "TP": null,
        "FP": null,
        "TN": null,
        "FN": null
      },
      {
        "date": "2025-08-05",
        "count": 0,
        "TP": null,
        "FP": null,
        "TN": null,
        "FN": null
      },
      {
        "date": "2025-08-06",
        "count": 0,
        "TP": null,
        "FP": null,
        "TN": null,
        "FN": null
      },
      {
        "date": "2025-08-07",
        "count": 0,
        "TP": null,
        "FP": null,
        "TN": null,
        "FN": null
      },
      {
        "date": "2025-08-08",
        "count": 0,
        "TP": null,
        "FP": null,
        "TN": null,
        "FN": null
      },
      {
        "date": "2025-08-09",
        "count": 0,
        "TP": null,
        "FP": null,
        "TN": null,
        "FN": null
      },
      {
        "date": "2025-08-10",
        "count": 0,
        "TP": null,
        "FP": null,
        "TN": null,
        "FN": null
      },
      {
        "date": "2025-08-11",
        "count": 0,
        "TP": null,
        "FP": null,
        "TN": null,
        "FN": null
      },
      {
        "date": "2025-08-12",
        "count": 0,
        "TP": null,
        "FP": null,
        "TN": null,
        "FN": null
      },
      {
        "date": "2025-08-13",
        "count": 0,
        "TP": null,
        "FP": null,
        "TN": null,
        "FN": null
      },
      {
        "date": "2025-08-14",
        "count": 0,
        "TP": null,
        "FP": null,
        "TN": null,
        "FN": null
      },
      {
        "date": "2025-08-15",
        "count": 0,
        "TP": null,
        "FP": null,
        "TN": null,
        "FN": null
      },
      {
        "date": "2025-08-16",
        "count": 0,
        "TP": null,
        "FP": null,
        "TN": null,
        "FN": null
      },
      {
        "date": "2025-08-17",
        "count": 0,
        "TP": null,
        "FP": null,
        "TN": null,
        "FN": null
      },
      {
        "date": "2025-08-18",
        "count": 0,
        "TP": null,
        "FP": null,
        "TN": null,
        "FN": null
      },
      {
        "date": "2025-08-19",
        "count": 0,
        "TP": null,
        "FP": null,
        "TN": null,
        "FN": null
      },
      {
        "date": "2025-08-20",
        "count": 0,
        "TP": null,
        "FP": null,
        "TN": null,
        "FN": null
      },
      {
        "date": "2025-08-21",
        "count": 0,
        "TP": null,
        "FP": null,
        "TN": null,
        "FN": null
      },
      {
        "date": "2025-08-22",
        "count": 0,
        "TP": null,
        "FP": null,
        "TN": null,
        "FN": null
      },
      {
        "date": "2025-08-23",
        "count": 0,
        "TP": null,
        "FP": null,
        "TN": null,
        "FN": null
      },
      {
        "date": "2025-08-24",
        "count": 0,
        "TP": null,
        "FP": null,
        "TN": null,
        "FN": null
      },
      {
        "date": "2025-08-25",
        "count": 0,
        "TP": null,
        "FP": null,
        "TN": null,
        "FN": null
      },
      {
        "date": "2025-08-26",
        "count": 0,
        "TP": null,
        "FP": null,
        "TN": null,
        "FN": null
      },
      {
        "date": "2025-08-27",
        "count": 0,
        "TP": null,
        "FP": null,
        "TN": null,
        "FN": null
      },
      {
        "date": "2025-08-28",
        "count": 0,
        "TP": null,
        "FP": null,
        "TN": null,
        "FN": null
      },
      {
        "date": "2025-08-29",
        "count": 0,
        "TP": null,
        "FP": null,
        "TN": null,
        "FN": null
      },
      {
        "date": "2025-08-30",
        "count": 0,
        "TP": null,
        "FP": null,
        "TN": null,
        "FN": null
      },
      {
        "date": "2025-08-31",
        "count": 0,
        "TP": null,
        "FP": null,
        "TN": null,
        "FN": null
      },
      {
        "date": "2025-09-01",
        "count": 0,
        "TP": null,
        "FP": null,
        "TN": null,
        "FN": null
      },
      {
        "date": "2025-09-02",
        "count": 0,
        "TP": null,
        "FP": null,
        "TN": null,
        "FN": null
      },
      {
        "date": "2025-09-03",
        "count": 0,
        "TP": null,
        "FP": null,
        "TN": null,
        "FN": null
      },
      {
        "date": "2025-09-04",
        "count": 0,
        "TP": null,
        "FP": null,
        "TN": null,
        "FN": null
      },
      {
        "date": "2025-09-05",
        "count": 0,
        "TP": null,
        "FP": null,
        "TN": null,
        "FN": null
      },
      {
        "date": "2025-09-06",
        "count": 0,
        "TP": null,
        "FP": null,
        "TN": null,
        "FN": null
      },
      {
        "date": "2025-09-07",
        "count": 0,
        "TP": null,
        "FP": null,
        "TN": null,
        "FN": null
      },
      {
        "date": "2025-09-08",
        "count": 0,
        "TP": null,
        "FP": null,
        "TN": null,
        "FN": null
      },
      {
        "date": "2025-09-09",
        "count": 0,
        "TP": null,
        "FP": null,
        "TN": null,
        "FN": null
      },
      {
        "date": "2025-09-10",
        "count": 0,
        "TP": null,
        "FP": null,
        "TN": null,
        "FN": null
      },
      {
        "date": "2025-09-11",
        "count": 0,
        "TP": null,
        "FP": null,
        "TN": null,
        "FN": null
      },
      {
        "date": "2025-09-12",
        "count": 0,
        "TP": null,
        "FP": null,
        "TN": null,
        "FN": null
      },
      {
        "date": "2025-09-13",
        "count": 0,
        "TP": null,
        "FP": null,
        "TN": null,
        "FN": null
      },
      {
        "date": "2025-09-14",
        "count": 0,
        "TP": null,
        "FP": null,
        "TN": null,
        "FN": null
      },
      {
        "date": "2025-09-15",
        "count": 0,
        "TP": null,
        "FP": null,
        "TN": null,
        "FN": null
      },
      {
        "date": "2025-09-16",
        "count": 0,
        "TP": null,
        "FP": null,
        "TN": null,
        "FN": null
      },
      {
        "date": "2025-09-17",
        "count": 0,
        "TP": null,
        "FP": null,
        "TN": null,
        "FN": null
      },
      {
        "date": "2025-09-18",
        "count": 0,
        "TP": null,
        "FP": null,
        "TN": null,
        "FN": null
      },
      {
        "date": "2025-09-19",
        "count": 0,
        "TP": null,
        "FP": null,
        "TN": null,
        "FN": null
      },
      {
        "date": "2025-09-20",
        "count": 0,
        "TP": null,
        "FP": null,
        "TN": null,
        "FN": null
      },
      {
        "date": "2025-09-21",
        "count": 0,
        "TP": null,
        "FP": null,
        "TN": null,
        "FN": null
      },
      {
        "date": "2025-09-22",
        "count": 0,
        "TP": null,
        "FP": null,
        "TN": null,
        "FN": null
      },
      {
        "date": "2025-09-23",
        "count": 0,
        "TP": null,
        "FP": null,
        "TN": null,
        "FN": null
      },
      {
        "date": "2025-09-24",
        "count": 0,
        "TP": null,
        "FP": null,
        "TN": null,
        "FN": null
      },
      {
        "date": "2025-09-25",
        "count": 0,
        "TP": null,
        "FP": null,
        "TN": null,
        "FN": null
      },
      {
        "date": "2025-09-26",
        "count": 0,
        "TP": null,
        "FP": null,
        "TN": null,
        "FN": null
      },
      {
        "date": "2025-09-27",
        "count": 0,
        "TP": null,
        "FP": null,
        "TN": null,
        "FN": null
      },
      {
        "date": "2025-09-28",
        "count": 0,
        "TP": null,
        "FP": null,
        "TN": null,
        "FN": null
      },
      {
        "date": "2025-09-29",
        "count": 0,
        "TP": null,
        "FP": null,
        "TN": null,
        "FN": null
      },
      {
        "date": "2025-09-30",
        "count": 0,
        "TP": null,
        "FP": null,
        "TN": null,
        "FN": null
      },
      {
        "date": "2025-10-01",
        "count": 0,
        "TP": null,
        "FP": null,
        "TN": null,
        "FN": null
      },
      {
        "date": "2025-10-02",
        "count": 0,
        "TP": null,
        "FP": null,
        "TN": null,
        "FN": null
      },
      {
        "date": "2025-10-03",
        "count": 0,
        "TP": null,
        "FP": null,
        "TN": null,
        "FN": null
      },
      {
        "date": "2025-10-04",
        "count": 0,
        "TP": null,
        "FP": null,
        "TN": null,
        "FN": null
      },
      {
        "date": "2025-10-05",
        "count": 0,
        "TP": null,
        "FP": null,
        "TN": null,
        "FN": null
      },
      {
        "date": "2025-10-06",
        "count": 0,
        "TP": null,
        "FP": null,
        "TN": null,
        "FN": null
      },
      {
        "date": "2025-10-07",
        "count": 0,
        "TP": null,
        "FP": null,
        "TN": null,
        "FN": null
      },
      {
        "date": "2025-10-08",
        "count": 0,
        "TP": null,
        "FP": null,
        "TN": null,
        "FN": null
      },
      {
        "date": "2025-10-09",
        "count": 0,
        "TP": null,
        "FP": null,
        "TN": null,
        "FN": null
      },
      {
        "date": "2025-10-10",
        "count": 0,
        "TP": null,
        "FP": null,
        "TN": null,
        "FN": null
      },
      {
        "date": "2025-10-11",
        "count": 0,
        "TP": null,
        "FP": null,
        "TN": null,
        "FN": null
      },
      {
        "date": "2025-10-12",
        "count": 0,
        "TP": null,
        "FP": null,
        "TN": null,
        "FN": null
      },
      {
        "date": "2025-10-13",
        "count": 0,
        "TP": null,
        "FP": null,
        "TN": null,
        "FN": null
      },
      {
        "date": "2025-10-14",
        "count": 0,
        "TP": null,
        "FP": null,
        "TN": null,
        "FN": null
      },
      {
        "date": "2025-10-15",
        "count": 0,
        "TP": null,
        "FP": null,
        "TN": null,
        "FN": null
      },
      {
        "date": "2025-10-16",
        "count": 0,
        "TP": null,
        "FP": null,
        "TN": null,
        "FN": null
      },
      {
        "date": "2025-10-17",
        "count": 0,
        "TP": null,
        "FP": null,
        "TN": null,
        "FN": null
      },
      {
        "date": "2025-10-18",
        "count": 0,
        "TP": null,
        "FP": null,
        "TN": null,
        "FN": null
      },
      {
        "date": "2025-10-19",
        "count": 0,
        "TP": null,
        "FP": null,
        "TN": null,
        "FN": null
      },
      {
        "date": "2025-10-20",
        "count": 0,
        "TP": null,
        "FP": null,
        "TN": null,
        "FN": null
      },
      {
        "date": "2025-10-21",
        "count": 0,
        "TP": null,
        "FP": null,
        "TN": null,
        "FN": null
      },
      {
        "date": "2025-10-22",
        "count": 0,
        "TP": null,
        "FP": null,
        "TN": null,
        "FN": null
      },
      {
        "date": "2025-10-23",
        "count": 0,
        "TP": null,
        "FP": null,
        "TN": null,
        "FN": null
      },
      {
        "date": "2025-10-24",
        "count": 0,
        "TP": null,
        "FP": null,
        "TN": null,
        "FN": null
      },
      {
        "date": "2025-10-25",
        "count": 0,
        "TP": null,
        "FP": null,
        "TN": null,
        "FN": null
      },
      {
        "date": "2025-10-26",
        "count": 0,
        "TP": null,
        "FP": null,
        "TN": null,
        "FN": null
      },
      {
        "date": "2025-10-27",
        "count": 0,
        "TP": null,
        "FP": null,
        "TN": null,
        "FN": null
      },
      {
        "date": "2025-10-28",
        "count": 0,
        "TP": null,
        "FP": null,
        "TN": null,
        "FN": null
      },
      {
        "date": "2025-10-29",
        "count": 0,
        "TP": null,
        "FP": null,
        "TN": null,
        "FN": null
      },
      {
        "date": "2025-10-30",
        "count": 0,
        "TP": null,
        "FP": null,
        "TN": null,
        "FN": null
      },
      {
        "date": "2025-10-31",
        "count": 0,
        "TP": null,
        "FP": null,
        "TN": null,
        "FN": null
      },
      {
        "date": "2025-11-01",
        "count": 0,
        "TP": null,
        "FP": null,
        "TN": null,
        "FN": null
      },
      {
        "date": "2025-11-02",
        "count": 0,
        "TP": null,
        "FP": null,
        "TN": null,
        "FN": null
      },
      {
        "date": "2025-11-03",
        "count": 0,
        "TP": null,
        "FP": null,
        "TN": null,
        "FN": null
      },
      {
        "date": "2025-11-04",
        "count": 0,
        "TP": null,
        "FP": null,
        "TN": null,
        "FN": null
      },
      {
        "date": "2025-11-05",
        "count": 0,
        "TP": null,
        "FP": null,
        "TN": null,
        "FN": null
      },
      {
        "date": "2025-11-06",
        "count": 0,
        "TP": null,
        "FP": null,
        "TN": null,
        "FN": null
      },
      {
        "date": "2025-11-07",
        "count": 0,
        "TP": null,
        "FP": null,
        "TN": null,
        "FN": null
      },
      {
        "date": "2025-11-08",
        "count": 0,
        "TP": null,
        "FP": null,
        "TN": null,
        "FN": null
      },
      {
        "date": "2025-11-09",
        "count": 0,
        "TP": null,
        "FP": null,
        "TN": null,
        "FN": null
      },
      {
        "date": "2025-11-10",
        "count": 0,
        "TP": null,
        "FP": null,
        "TN": null,
        "FN": null
      }
    ]
  },
  "B": {
    "total_transactions": 59,
    "over_threshold": 0,
    "TP": 0,
    "FP": 0,
    "TN": 0,
    "FN": 0,
    "precision": 0.0,
    "recall": 0.0,
    "f1": 0.0,
    "accuracy": 0.0,
    "fraud_rate": 0.0,
    "pending_label_count": 59,
    "brier": null,
    "log_loss": null,
    "source": "fallback",
    "ci": {
      "precision": null,
      "recall": null,
      "accuracy": null
    },
    "support": {
      "known_transactions": 0,
      "predicted_positives": 0,
      "actual_frauds": 0
    },
    "power": {
      "status": "low_power",
      "reasons": [
        "known_transactions<100",
        "actual_frauds<10",
        "predicted_positives<30"
      ]
    },
    "risk_histogram": [
      {
        "bin": "0.0-0.1",
        "n": 0
      },
      {
        "bin": "0.1-0.2",
        "n": 0
      },
      {
        "bin": "0.2-0.3",
        "n": 0
      },
      {
        "bin": "0.3-0.4",
        "n": 0
      },
      {
        "bin": "0.4-0.5",
        "n": 0
      },
      {
        "bin": "0.5-0.6",
        "n": 0
      },
      {
        "bin": "0.6-0.7",
        "n": 0
      },
      {
        "bin": "0.7-0.8",
        "n": 0
      },
      {
        "bin": "0.8-0.9",
        "n": 0
      },
      {
        "bin": "0.9-1.0",
        "n": 0
      }
    ],
    "timeseries_daily": [
      {
        "date": "2025-11-10",
        "count": 0,
        "TP": null,
        "FP": null,
        "TN": null,
        "FN": null
      },
      {
        "date": "2025-11-11",
        "count": 0,
        "TP": null,
        "FP": null,
        "TN": null,
        "FN": null
      },
      {
        "date": "2025-11-12",
        "count": 0,
        "TP": null,
        "FP": null,
        "TN": null,
        "FN": null
      },
      {
        "date": "2025-11-13",
        "count": 0,
        "TP": null,
        "FP": null,
        "TN": null,
        "FN": null
      },
      {
        "date": "2025-11-14",
        "count": 0,
        "TP": null,
        "FP": null,
        "TN": null,
        "FN": null
      }
    ]
  },
  "delta": {
    "precision": 0.0,
    "recall": 0.0,
    "f1": 0.0,
    "accuracy": 0.0,
    "fraud_rate": 0.0,
    "psi_predicted_risk": null,
    "ks_stat_predicted_risk": null
  },
  "per_merchant": [],
  "excluded_missing_predicted_risk": 109,
  "investigation_summary": "Comparison analysis for email 'okuoku1959122@gmail.com' comparing Historical Investigation (2025-05-14 to 2025-11-10) (50 transactions) vs Validation Period (2025-11-10 to 2025-11-14) \u00b7 expanded (59 transactions). Transaction volume increased by 18.0% in Validation Period (2025-11-10 to 2025-11-14) \u00b7 expanded, with 0 transactions exceeding risk threshold (vs 0 in Historical Investigation (2025-05-14 to 2025-11-10)). Model performance metrics remained relatively stable, with F1 score slightly declining by 0.0%. Note: 59 transactions in Validation Period (2025-11-10 to 2025-11-14) \u00b7 expanded have pending labels and were excluded from confusion matrix calculations."
}