{
  "entity": {
    "type": "email",
    "value": "oalecu91@gmail.com"
  },
  "threshold": 0.5,
  "windowA": {
    "label": "Historical Investigation (2025-03-25 to 2025-05-24) \u00b7 expanded",
    "start": "2025-02-25T00:07:14.395282-04:00",
    "end": "2025-05-24T00:07:14.395282-04:00",
    "auto_expand_meta": {
      "expanded": true,
      "attempts": [
        60,
        88
      ],
      "reasons": [
        "max_days_reached"
      ],
      "effective_support": {
        "known_transactions": 31,
        "actual_frauds": 3,
        "predicted_positives": 0
      }
    }
  },
  "windowB": {
    "label": "Validation Period (2025-05-24 to 2025-08-22)",
    "start": "2025-05-24T00:07:14.395282-04:00",
    "end": "2025-08-22T00:07:14.395282-04:00",
    "auto_expand_meta": {
      "expanded": false,
      "attempts": [
        90,
        90
      ],
      "reasons": [
        "max_days_reached"
      ],
      "effective_support": {
        "known_transactions": 0,
        "actual_frauds": 0,
        "predicted_positives": 0
      }
    }
  },
  "A": {
    "total_transactions": 31,
    "over_threshold": 31,
    "TP": 3,
    "FP": 28,
    "TN": 0,
    "FN": 0,
    "precision": 0.0967741935483871,
    "recall": 1.0,
    "f1": 0.17647058823529413,
    "accuracy": 0.0967741935483871,
    "fraud_rate": 0.0967741935483871,
    "pending_label_count": null,
    "brier": null,
    "log_loss": null,
    "source": "auto-comp-f36bf65f531c",
    "ci": {
      "precision": [
        0.03346464416319739,
        0.24899938443392827
      ],
      "recall": [
        0.4385029682449546,
        1.0
      ],
      "accuracy": [
        0.03346464416319739,
        0.24899938443392827
      ]
    },
    "support": {
      "known_transactions": 31,
      "predicted_positives": 31,
      "actual_frauds": 3
    },
    "power": {
      "status": "low_power",
      "reasons": [
        "known_transactions<100",
        "actual_frauds<10"
      ]
    },
    "risk_histogram": [
      {
        "bin": "0.9-1.1",
        "n": 31
      },
      {
        "bin": "1.1-1.1",
        "n": 0
      },
      {
        "bin": "1.1-1.2",
        "n": 0
      },
      {
        "bin": "1.2-1.4",
        "n": 0
      },
      {
        "bin": "1.4-1.4",
        "n": 0
      },
      {
        "bin": "1.4-1.6",
        "n": 0
      },
      {
        "bin": "1.6-1.6",
        "n": 0
      },
      {
        "bin": "1.6-1.8",
        "n": 0
      },
      {
        "bin": "1.8-1.9",
        "n": 0
      },
      {
        "bin": "1.9-1.9",
        "n": 0
      }
    ],
    "timeseries_daily": [
      {
        "date": "2025-03-25",
        "count": 0,
        "TP": null,
        "FP": null,
        "TN": null,
        "FN": null
      },
      {
        "date": "2025-03-26",
        "count": 0,
        "TP": null,
        "FP": null,
        "TN": null,
        "FN": null
      },
      {
        "date": "2025-03-27",
        "count": 0,
        "TP": null,
        "FP": null,
        "TN": null,
        "FN": null
      },
      {
        "date": "2025-03-28",
        "count": 0,
        "TP": null,
        "FP": null,
        "TN": null,
        "FN": null
      },
      {
        "date": "2025-03-29",
        "count": 0,
        "TP": null,
        "FP": null,
        "TN": null,
        "FN": null
      },
      {
        "date": "2025-03-30",
        "count": 0,
        "TP": null,
        "FP": null,
        "TN": null,
        "FN": null
      },
      {
        "date": "2025-03-31",
        "count": 0,
        "TP": null,
        "FP": null,
        "TN": null,
        "FN": null
      },
      {
        "date": "2025-04-01",
        "count": 0,
        "TP": null,
        "FP": null,
        "TN": null,
        "FN": null
      },
      {
        "date": "2025-04-02",
        "count": 0,
        "TP": null,
        "FP": null,
        "TN": null,
        "FN": null
      },
      {
        "date": "2025-04-03",
        "count": 0,
        "TP": null,
        "FP": null,
        "TN": null,
        "FN": null
      },
      {
        "date": "2025-04-04",
        "count": 0,
        "TP": null,
        "FP": null,
        "TN": null,
        "FN": null
      },
      {
        "date": "2025-04-05",
        "count": 0,
        "TP": null,
        "FP": null,
        "TN": null,
        "FN": null
      },
      {
        "date": "2025-04-06",
        "count": 0,
        "TP": null,
        "FP": null,
        "TN": null,
        "FN": null
      },
      {
        "date": "2025-04-07",
        "count": 0,
        "TP": null,
        "FP": null,
        "TN": null,
        "FN": null
      },
      {
        "date": "2025-04-08",
        "count": 0,
        "TP": null,
        "FP": null,
        "TN": null,
        "FN": null
      },
      {
        "date": "2025-04-09",
        "count": 0,
        "TP": null,
        "FP": null,
        "TN": null,
        "FN": null
      },
      {
        "date": "2025-04-10",
        "count": 0,
        "TP": null,
        "FP": null,
        "TN": null,
        "FN": null
      },
      {
        "date": "2025-04-11",
        "count": 0,
        "TP": null,
        "FP": null,
        "TN": null,
        "FN": null
      },
      {
        "date": "2025-04-12",
        "count": 0,
        "TP": null,
        "FP": null,
        "TN": null,
        "FN": null
      },
      {
        "date": "2025-04-13",
        "count": 0,
        "TP": null,
        "FP": null,
        "TN": null,
        "FN": null
      },
      {
        "date": "2025-04-14",
        "count": 0,
        "TP": null,
        "FP": null,
        "TN": null,
        "FN": null
      },
      {
        "date": "2025-04-15",
        "count": 0,
        "TP": null,
        "FP": null,
        "TN": null,
        "FN": null
      },
      {
        "date": "2025-04-16",
        "count": 0,
        "TP": null,
        "FP": null,
        "TN": null,
        "FN": null
      },
      {
        "date": "2025-04-17",
        "count": 0,
        "TP": null,
        "FP": null,
        "TN": null,
        "FN": null
      },
      {
        "date": "2025-04-18",
        "count": 0,
        "TP": null,
        "FP": null,
        "TN": null,
        "FN": null
      },
      {
        "date": "2025-04-19",
        "count": 0,
        "TP": null,
        "FP": null,
        "TN": null,
        "FN": null
      },
      {
        "date": "2025-04-20",
        "count": 0,
        "TP": null,
        "FP": null,
        "TN": null,
        "FN": null
      },
      {
        "date": "2025-04-21",
        "count": 0,
        "TP": null,
        "FP": null,
        "TN": null,
        "FN": null
      },
      {
        "date": "2025-04-22",
        "count": 0,
        "TP": null,
        "FP": null,
        "TN": null,
        "FN": null
      },
      {
        "date": "2025-04-23",
        "count": 0,
        "TP": null,
        "FP": null,
        "TN": null,
        "FN": null
      },
      {
        "date": "2025-04-24",
        "count": 0,
        "TP": null,
        "FP": null,
        "TN": null,
        "FN": null
      },
      {
        "date": "2025-04-25",
        "count": 0,
        "TP": null,
        "FP": null,
        "TN": null,
        "FN": null
      },
      {
        "date": "2025-04-26",
        "count": 0,
        "TP": null,
        "FP": null,
        "TN": null,
        "FN": null
      },
      {
        "date": "2025-04-27",
        "count": 0,
        "TP": null,
        "FP": null,
        "TN": null,
        "FN": null
      },
      {
        "date": "2025-04-28",
        "count": 0,
        "TP": null,
        "FP": null,
        "TN": null,
        "FN": null
      },
      {
        "date": "2025-04-29",
        "count": 0,
        "TP": null,
        "FP": null,
        "TN": null,
        "FN": null
      },
      {
        "date": "2025-04-30",
        "count": 0,
        "TP": null,
        "FP": null,
        "TN": null,
        "FN": null
      },
      {
        "date": "2025-05-01",
        "count": 0,
        "TP": null,
        "FP": null,
        "TN": null,
        "FN": null
      },
      {
        "date": "2025-05-02",
        "count": 0,
        "TP": null,
        "FP": null,
        "TN": null,
        "FN": null
      },
      {
        "date": "2025-05-03",
        "count": 0,
        "TP": null,
        "FP": null,
        "TN": null,
        "FN": null
      },
      {
        "date": "2025-05-04",
        "count": 0,
        "TP": null,
        "FP": null,
        "TN": null,
        "FN": null
      },
      {
        "date": "2025-05-05",
        "count": 0,
        "TP": null,
        "FP": null,
        "TN": null,
        "FN": null
      },
      {
        "date": "2025-05-06",
        "count": 0,
        "TP": null,
        "FP": null,
        "TN": null,
        "FN": null
      },
      {
        "date": "2025-05-07",
        "count": 0,
        "TP": null,
        "FP": null,
        "TN": null,
        "FN": null
      },
      {
        "date": "2025-05-08",
        "count": 0,
        "TP": null,
        "FP": null,
        "TN": null,
        "FN": null
      },
      {
        "date": "2025-05-09",
        "count": 0,
        "TP": null,
        "FP": null,
        "TN": null,
        "FN": null
      },
      {
        "date": "2025-05-10",
        "count": 0,
        "TP": null,
        "FP": null,
        "TN": null,
        "FN": null
      },
      {
        "date": "2025-05-11",
        "count": 0,
        "TP": null,
        "FP": null,
        "TN": null,
        "FN": null
      },
      {
        "date": "2025-05-12",
        "count": 0,
        "TP": null,
        "FP": null,
        "TN": null,
        "FN": null
      },
      {
        "date": "2025-05-13",
        "count": 0,
        "TP": null,
        "FP": null,
        "TN": null,
        "FN": null
      },
      {
        "date": "2025-05-14",
        "count": 0,
        "TP": null,
        "FP": null,
        "TN": null,
        "FN": null
      },
      {
        "date": "2025-05-15",
        "count": 0,
        "TP": null,
        "FP": null,
        "TN": null,
        "FN": null
      },
      {
        "date": "2025-05-16",
        "count": 0,
        "TP": null,
        "FP": null,
        "TN": null,
        "FN": null
      },
      {
        "date": "2025-05-17",
        "count": 0,
        "TP": null,
        "FP": null,
        "TN": null,
        "FN": null
      },
      {
        "date": "2025-05-18",
        "count": 0,
        "TP": null,
        "FP": null,
        "TN": null,
        "FN": null
      },
      {
        "date": "2025-05-19",
        "count": 0,
        "TP": null,
        "FP": null,
        "TN": null,
        "FN": null
      },
      {
        "date": "2025-05-20",
        "count": 0,
        "TP": null,
        "FP": null,
        "TN": null,
        "FN": null
      },
      {
        "date": "2025-05-21",
        "count": 0,
        "TP": null,
        "FP": null,
        "TN": null,
        "FN": null
      },
      {
        "date": "2025-05-22",
        "count": 0,
        "TP": null,
        "FP": null,
        "TN": null,
        "FN": null
      },
      {
        "date": "2025-05-23",
        "count": 0,
        "TP": null,
        "FP": null,
        "TN": null,
        "FN": null
      },
      {
        "date": "2025-05-24",
        "count": 0,
        "TP": null,
        "FP": null,
        "TN": null,
        "FN": null
      }
    ]
  },
  "B": {
    "total_transactions": 0,
    "over_threshold": 0,
    "TP": 0,
    "FP": 0,
    "TN": 0,
    "FN": 0,
    "precision": 0.0,
    "recall": 0.0,
    "f1": 0.0,
    "accuracy": 0.0,
    "fraud_rate": 0.0,
    "pending_label_count": null,
    "brier": null,
    "log_loss": null,
    "source": "fallback",
    "ci": null,
    "support": null,
    "power": null,
    "risk_histogram": null,
    "timeseries_daily": null
  },
  "delta": {
    "precision": -0.0967741935483871,
    "recall": -1.0,
    "f1": -0.17647058823529413,
    "accuracy": -0.0967741935483871,
    "fraud_rate": -0.0967741935483871,
    "psi_predicted_risk": null,
    "ks_stat_predicted_risk": null
  },
  "per_merchant": [],
  "excluded_missing_predicted_risk": null,
  "investigation_summary": "Comparison analysis for email 'oalecu91@gmail.com' comparing Historical Investigation (2025-03-25 to 2025-05-24) \u00b7 expanded (31 transactions) vs Validation Period (2025-05-24 to 2025-08-22) (0 transactions). Transaction volume decreased by 0.0% in Validation Period (2025-05-24 to 2025-08-22), with 0 transactions exceeding risk threshold (vs 31 in Historical Investigation (2025-03-25 to 2025-05-24) \u00b7 expanded). Key metric changes: fraud rate decreased by 9.7%, recall declined by 100.0%, precision declined by 9.7%. Model performance shows decline with F1 score decreasing by 17.6%."
}