{
  "entity": {
    "type": "email",
    "value": "moeller2media@gmail.com"
  },
  "threshold": 0.7,
  "windowA": {
    "label": "Historical Investigation (2025-10-28 to 2025-11-11) \u00b7 expanded",
    "start": "2025-09-16T14:44:57.768000-04:00",
    "end": "2025-11-11T13:44:57.768000-05:00",
    "auto_expand_meta": {
      "expanded": true,
      "attempts": [
        14,
        56
      ],
      "reasons": [
        "max_days_reached"
      ],
      "effective_support": {
        "known_transactions": 23,
        "actual_frauds": 23,
        "predicted_positives": 0
      }
    }
  },
  "windowB": {
    "label": "Validation Period (2025-11-11 to 2025-11-14) \u00b7 expanded",
    "start": "2025-09-23T13:44:57.768000-05:00",
    "end": "2025-11-14T15:47:12.835934-05:00",
    "auto_expand_meta": {
      "expanded": true,
      "attempts": [
        3,
        52
      ],
      "reasons": [
        "max_days_reached"
      ],
      "effective_support": {
        "known_transactions": 26,
        "actual_frauds": 26,
        "predicted_positives": 0
      }
    }
  },
  "A": {
    "total_transactions": 23,
    "over_threshold": 0,
    "TP": 0,
    "FP": 0,
    "TN": 0,
    "FN": 0,
    "precision": 0.0,
    "recall": 0.0,
    "f1": 0.0,
    "accuracy": 0.0,
    "fraud_rate": 1.0,
    "pending_label_count": null,
    "brier": null,
    "log_loss": null,
    "source": "auto-comp-856a6113dbc1",
    "ci": {
      "precision": null,
      "recall": null,
      "accuracy": null
    },
    "support": {
      "known_transactions": 0,
      "predicted_positives": 0,
      "actual_frauds": 0
    },
    "power": {
      "status": "low_power",
      "reasons": [
        "known_transactions<100",
        "actual_frauds<10",
        "predicted_positives<30"
      ]
    },
    "risk_histogram": [
      {
        "bin": "0.0-0.1",
        "n": 0
      },
      {
        "bin": "0.1-0.2",
        "n": 0
      },
      {
        "bin": "0.2-0.3",
        "n": 0
      },
      {
        "bin": "0.3-0.4",
        "n": 0
      },
      {
        "bin": "0.4-0.5",
        "n": 0
      },
      {
        "bin": "0.5-0.6",
        "n": 0
      },
      {
        "bin": "0.6-0.7",
        "n": 0
      },
      {
        "bin": "0.7-0.8",
        "n": 0
      },
      {
        "bin": "0.8-0.9",
        "n": 0
      },
      {
        "bin": "0.9-1.0",
        "n": 0
      }
    ],
    "timeseries_daily": [
      {
        "date": "2025-10-28",
        "count": 0,
        "TP": null,
        "FP": null,
        "TN": null,
        "FN": null
      },
      {
        "date": "2025-10-29",
        "count": 0,
        "TP": null,
        "FP": null,
        "TN": null,
        "FN": null
      },
      {
        "date": "2025-10-30",
        "count": 0,
        "TP": null,
        "FP": null,
        "TN": null,
        "FN": null
      },
      {
        "date": "2025-10-31",
        "count": 0,
        "TP": null,
        "FP": null,
        "TN": null,
        "FN": null
      },
      {
        "date": "2025-11-01",
        "count": 0,
        "TP": null,
        "FP": null,
        "TN": null,
        "FN": null
      },
      {
        "date": "2025-11-02",
        "count": 0,
        "TP": null,
        "FP": null,
        "TN": null,
        "FN": null
      },
      {
        "date": "2025-11-03",
        "count": 0,
        "TP": null,
        "FP": null,
        "TN": null,
        "FN": null
      },
      {
        "date": "2025-11-04",
        "count": 0,
        "TP": null,
        "FP": null,
        "TN": null,
        "FN": null
      },
      {
        "date": "2025-11-05",
        "count": 0,
        "TP": null,
        "FP": null,
        "TN": null,
        "FN": null
      },
      {
        "date": "2025-11-06",
        "count": 0,
        "TP": null,
        "FP": null,
        "TN": null,
        "FN": null
      },
      {
        "date": "2025-11-07",
        "count": 0,
        "TP": null,
        "FP": null,
        "TN": null,
        "FN": null
      },
      {
        "date": "2025-11-08",
        "count": 0,
        "TP": null,
        "FP": null,
        "TN": null,
        "FN": null
      },
      {
        "date": "2025-11-09",
        "count": 0,
        "TP": null,
        "FP": null,
        "TN": null,
        "FN": null
      },
      {
        "date": "2025-11-10",
        "count": 0,
        "TP": null,
        "FP": null,
        "TN": null,
        "FN": null
      },
      {
        "date": "2025-11-11",
        "count": 0,
        "TP": null,
        "FP": null,
        "TN": null,
        "FN": null
      }
    ]
  },
  "B": {
    "total_transactions": 26,
    "over_threshold": 0,
    "TP": 0,
    "FP": 0,
    "TN": 0,
    "FN": 0,
    "precision": 0.0,
    "recall": 0.0,
    "f1": 0.0,
    "accuracy": 0.0,
    "fraud_rate": 1.0,
    "pending_label_count": null,
    "brier": null,
    "log_loss": null,
    "source": "fallback",
    "ci": {
      "precision": null,
      "recall": null,
      "accuracy": null
    },
    "support": {
      "known_transactions": 0,
      "predicted_positives": 0,
      "actual_frauds": 0
    },
    "power": {
      "status": "low_power",
      "reasons": [
        "known_transactions<100",
        "actual_frauds<10",
        "predicted_positives<30"
      ]
    },
    "risk_histogram": [
      {
        "bin": "0.0-0.1",
        "n": 0
      },
      {
        "bin": "0.1-0.2",
        "n": 0
      },
      {
        "bin": "0.2-0.3",
        "n": 0
      },
      {
        "bin": "0.3-0.4",
        "n": 0
      },
      {
        "bin": "0.4-0.5",
        "n": 0
      },
      {
        "bin": "0.5-0.6",
        "n": 0
      },
      {
        "bin": "0.6-0.7",
        "n": 0
      },
      {
        "bin": "0.7-0.8",
        "n": 0
      },
      {
        "bin": "0.8-0.9",
        "n": 0
      },
      {
        "bin": "0.9-1.0",
        "n": 0
      }
    ],
    "timeseries_daily": [
      {
        "date": "2025-11-11",
        "count": 0,
        "TP": null,
        "FP": null,
        "TN": null,
        "FN": null
      },
      {
        "date": "2025-11-12",
        "count": 0,
        "TP": null,
        "FP": null,
        "TN": null,
        "FN": null
      },
      {
        "date": "2025-11-13",
        "count": 0,
        "TP": null,
        "FP": null,
        "TN": null,
        "FN": null
      },
      {
        "date": "2025-11-14",
        "count": 0,
        "TP": null,
        "FP": null,
        "TN": null,
        "FN": null
      }
    ]
  },
  "delta": {
    "precision": 0.0,
    "recall": 0.0,
    "f1": 0.0,
    "accuracy": 0.0,
    "fraud_rate": 0.0,
    "psi_predicted_risk": null,
    "ks_stat_predicted_risk": null
  },
  "per_merchant": [],
  "excluded_missing_predicted_risk": 49,
  "investigation_summary": "Comparison analysis for email 'moeller2media@gmail.com' comparing Historical Investigation (2025-10-28 to 2025-11-11) \u00b7 expanded (23 transactions) vs Validation Period (2025-11-11 to 2025-11-14) \u00b7 expanded (26 transactions). Transaction volume increased by 13.0% in Validation Period (2025-11-11 to 2025-11-14) \u00b7 expanded, with 0 transactions exceeding risk threshold (vs 0 in Historical Investigation (2025-10-28 to 2025-11-11) \u00b7 expanded). Model performance metrics remained relatively stable, with F1 score slightly declining by 0.0%."
}