{
  "investigation_id": "auto-comp-1fa5bb0cbb6d",
  "start_timestamp": "2025-12-12T12:34:43.761551+00:00",
  "end_timestamp": "2025-12-12T12:37:34.504604+00:00",
  "status": "completed",
  "node_executions": [
    {
      "execution_id": "a25e32fc-f683-43c0-a810-a951f3144458",
      "investigation_id": "auto-comp-1fa5bb0cbb6d",
      "node_name": "agent_initialization",
      "node_type": "NodeType.START",
      "timestamp": "2025-12-12T12:34:43.761571+00:00",
      "duration_ms": 0,
      "status": "NodeStatus.IN_PROGRESS",
      "input_state": {
        "investigation_id": "auto-comp-1fa5bb0cbb6d",
        "entity_type": "email",
        "entity_id": "thejockerchileno16@gmail.com"
      },
      "output_state": {
        "phase": "agent_initialization",
        "agents_to_initialize": [
          "device",
          "location",
          "network",
          "logs",
          "risk"
        ]
      },
      "state_changes": {
        "added": {
          "agents_to_initialize": [
            "device",
            "location",
            "network",
            "logs",
            "risk"
          ],
          "phase": "agent_initialization"
        },
        "removed": [
          "investigation_id",
          "entity_type",
          "entity_id"
        ]
      },
      "metadata": {
        "phase_type": "initialization",
        "investigation_complexity": "high"
      },
      "agent_name": null,
      "tool_name": null,
      "error_message": null,
      "retry_count": 0
    },
    {
      "execution_id": "cb3d9c3e-f6e4-4b29-b480-e094fdf6b58c",
      "investigation_id": "auto-comp-1fa5bb0cbb6d",
      "node_name": "agent_initialization",
      "node_type": "NodeType.START",
      "timestamp": "2025-12-12T12:34:44.262791+00:00",
      "duration_ms": 100,
      "status": "NodeStatus.COMPLETED",
      "input_state": {
        "investigation_id": "auto-comp-1fa5bb0cbb6d",
        "entity_type": "email",
        "entity_id": "thejockerchileno16@gmail.com"
      },
      "output_state": {
        "phase": "agent_initialization",
        "agents_initialized": [
          "device",
          "location",
          "network",
          "logs",
          "risk"
        ],
        "graph_created": true
      },
      "state_changes": {
        "added": {
          "graph_created": true,
          "agents_initialized": [
            "device",
            "location",
            "network",
            "logs",
            "risk"
          ],
          "phase": "agent_initialization"
        },
        "removed": [
          "investigation_id",
          "entity_type",
          "entity_id"
        ]
      },
      "metadata": {
        "phase_type": "initialization",
        "investigation_complexity": "high"
      },
      "agent_name": null,
      "tool_name": null,
      "error_message": null,
      "retry_count": 0
    },
    {
      "execution_id": "56b0543d-8f53-40ed-9db8-99c74ce29c19",
      "investigation_id": "auto-comp-1fa5bb0cbb6d",
      "node_name": "context_preparation",
      "node_type": "NodeType.CONDITION",
      "timestamp": "2025-12-12T12:34:44.262948+00:00",
      "duration_ms": 50,
      "status": "NodeStatus.IN_PROGRESS",
      "input_state": {
        "phase": "context_preparation",
        "investigation_data": "loaded"
      },
      "output_state": {
        "phase": "context_preparation",
        "agent_context_created": true,
        "investigation_query": "prepared"
      },
      "state_changes": {
        "added": {
          "investigation_query": "prepared",
          "agent_context_created": true
        },
        "removed": [
          "investigation_data"
        ]
      },
      "metadata": {
        "phase_type": "context_preparation",
        "query_length": 395
      },
      "agent_name": null,
      "tool_name": null,
      "error_message": null,
      "retry_count": 0
    },
    {
      "execution_id": "c11169dc-5aa0-4983-803b-506396e19e21",
      "investigation_id": "auto-comp-1fa5bb0cbb6d",
      "node_name": "context_preparation",
      "node_type": "NodeType.CONDITION",
      "timestamp": "2025-12-12T12:34:44.266122+00:00",
      "duration_ms": 75,
      "status": "NodeStatus.COMPLETED",
      "input_state": {
        "phase": "context_preparation",
        "investigation_data": "loaded"
      },
      "output_state": {
        "phase": "context_preparation",
        "agent_context_created": true,
        "investigation_query": "prepared",
        "context_complete": true
      },
      "state_changes": {
        "added": {
          "context_complete": true,
          "investigation_query": "prepared",
          "agent_context_created": true
        },
        "removed": [
          "investigation_data"
        ]
      },
      "metadata": {
        "phase_type": "context_preparation",
        "query_length": 1114
      },
      "agent_name": null,
      "tool_name": null,
      "error_message": null,
      "retry_count": 0
    },
    {
      "execution_id": "2ff53422-a25b-432e-8ceb-8ab12c20d489",
      "investigation_id": "auto-comp-1fa5bb0cbb6d",
      "node_name": "agent_execution",
      "node_type": "NodeType.PARALLEL",
      "timestamp": "2025-12-12T12:34:44.266233+00:00",
      "duration_ms": 0,
      "status": "NodeStatus.IN_PROGRESS",
      "input_state": {
        "phase": "agent_execution",
        "agents_ready": [
          "device",
          "location",
          "network",
          "logs",
          "risk"
        ]
      },
      "output_state": {
        "phase": "agent_execution",
        "execution_started": true,
        "parallel_mode": true
      },
      "state_changes": {
        "added": {
          "parallel_mode": true,
          "execution_started": true
        },
        "removed": [
          "agents_ready"
        ]
      },
      "metadata": {
        "phase_type": "agent_execution",
        "execution_mode": "parallel",
        "agent_count": 5
      },
      "agent_name": null,
      "tool_name": null,
      "error_message": null,
      "retry_count": 0
    },
    {
      "execution_id": "53f38ec4-8f6b-49cd-b434-c8960dc3c8c4",
      "investigation_id": "auto-comp-1fa5bb0cbb6d",
      "node_name": "device_analysis_agent",
      "node_type": "NodeType.AGENT",
      "timestamp": "2025-12-12T12:34:44.270507+00:00",
      "duration_ms": 0,
      "status": "NodeStatus.IN_PROGRESS",
      "input_state": {
        "device_data": "loaded",
        "historical_patterns": "available",
        "fingerprint_inconsistencies": true
      },
      "output_state": {
        "device_analysis": "in_progress",
        "spoofing_indicators": "detected"
      },
      "state_changes": {
        "added": {
          "device_analysis": "in_progress",
          "spoofing_indicators": "detected"
        },
        "removed": [
          "device_data",
          "fingerprint_inconsistencies",
          "historical_patterns"
        ]
      },
      "metadata": {
        "analysis_type": "device_fingerprinting",
        "risk_level": "high",
        "confidence": 95.0
      },
      "agent_name": "DeviceAnalysisAgent",
      "tool_name": null,
      "error_message": null,
      "retry_count": 0
    }
  ],
  "state_transitions": [
    {
      "transition_id": "b55a0c89-3e5c-42af-af67-f5ca84660550",
      "investigation_id": "auto-comp-1fa5bb0cbb6d",
      "from_node": "agent_initialization",
      "to_node": "context_preparation",
      "timestamp": "2025-12-12T12:34:44.262822+00:00",
      "state_before": {
        "phase": "agent_initialization",
        "agents_initialized": [
          "device",
          "location",
          "network",
          "logs",
          "risk"
        ]
      },
      "state_after": {
        "phase": "context_preparation",
        "context_ready": false
      },
      "transition_reason": "Agent graph successfully created, proceeding to context preparation",
      "condition_result": null
    },
    {
      "transition_id": "94cf308b-167c-4e3e-a0a4-89f9ee37b50d",
      "investigation_id": "auto-comp-1fa5bb0cbb6d",
      "from_node": "context_preparation",
      "to_node": "agent_execution",
      "timestamp": "2025-12-12T12:34:44.266149+00:00",
      "state_before": {
        "phase": "context_preparation",
        "context_complete": true
      },
      "state_after": {
        "phase": "agent_execution",
        "agents_ready": true
      },
      "transition_reason": "Agent context successfully prepared, initiating real LangGraph agent execution",
      "condition_result": null
    }
  ],
  "agent_coordinations": [],
  "final_state": {
    "investigation_status": "completed",
    "final_risk_score": 7,
    "investigation_outcome": "legitimate",
    "agent_execution_duration_ms": 0,
    "real_agent_execution": true
  },
  "journey_metadata": {
    "initial_state": {
      "emergency_created": true,
      "first_node": "agent_initialization",
      "agent_name": null
    },
    "started_at": "2025-12-12T12:34:43.761553+00:00",
    "completed_at": "2025-12-12T12:37:34.504604+00:00",
    "total_duration_ms": 225,
    "total_nodes_executed": 6,
    "total_state_transitions": 2,
    "total_agent_coordinations": 0,
    "unique_agents_involved": [
      "DeviceAnalysisAgent"
    ],
    "execution_path": [
      "agent_initialization",
      "agent_initialization",
      "context_preparation",
      "context_preparation",
      "agent_execution",
      "device_analysis_agent"
    ]
  }
}