{
  "total_duration": 0.0,
  "agent_timings": {
    "network": {
      "duration": 11.948533391952514,
      "status": "success",
      "performance_category": "poor"
    },
    "device": {
      "duration": 11.948533391952514,
      "status": "success",
      "performance_category": "poor"
    },
    "location": {
      "duration": 11.948533391952514,
      "status": "success",
      "performance_category": "poor"
    },
    "logs": {
      "duration": 11.948533391952514,
      "status": "success",
      "performance_category": "poor"
    },
    "risk": {
      "duration": 0.0,
      "status": "no_results",
      "performance_category": "excellent"
    },
    "risk_aggregation": {
      "duration": 59.74266695976257,
      "status": "success",
      "performance_category": "poor"
    },
    "snowflake": {
      "duration": 2.0,
      "status": "success",
      "performance_category": "good"
    }
  },
  "memory_usage": {},
  "token_usage": {},
  "api_calls": {},
  "error_rates": {
    "agent_failure_rate": 0.0,
    "overall_success_rate": 0.8571428571428571
  },
  "throughput_metrics": {
    "agents_per_second": 0,
    "average_agent_time": 15.648114361081806,
    "parallel_efficiency": 1.0
  }
}