{
  "investigation_id": "unified_test_real_investigation_email_1765531981",
  "start_timestamp": "2025-12-12T09:33:01.674978+00:00",
  "end_timestamp": "2025-12-12T09:34:09.587997+00:00",
  "status": "completed",
  "node_executions": [],
  "state_transitions": [],
  "agent_coordinations": [],
  "final_state": {
    "scenario": "real_investigation_email",
    "entity_id": "thejockerchileno16@gmail.com",
    "test_mode": "live",
    "investigation_folder": "logs/investigations/LIVE_unified-test-real-investigation-email-1765531981_20251212_093301"
  }
}