{
  "investigation_id": "unified_test_real_investigation_email_1765531981",
  "mode": "LIVE",
  "created_at": "2025-12-12T09:33:01.673670+00:00",
  "scenario": "real_investigation_email",
  "folder_path": "logs/investigations/LIVE_unified-test-real-investigation-email-1765531981_20251212_093301",
  "status": "completed",
  "config": {
    "scenario": "real_investigation_email",
    "entity_id": "thejockerchileno16@gmail.com",
    "entity_type": "user_id",
    "test_mode": "live",
    "config": {
      "scenario": null,
      "all_scenarios": false,
      "entity_id": "thejockerchileno16@gmail.com",
      "entity_type": "email",
      "csv_file": "/Users/olorin/Documents/olorin/olorin-server/transaction_dataset_10k.csv",
      "csv_limit": 2000,
      "concurrent": 3,
      "output_format": "html",
      "output_dir": "artifacts/investigation_repeat_20251212_043120",
      "verbose": true,
      "server_url": "http://localhost:8090",
      "timeout": 600,
      "log_level": "DEBUG",
      "mode": "live",
      "html_report": true,
      "open_report": false,
      "use_mock_ips_cache": false,
      "custom_prompt": null,
      "anomaly_id": null,
      "list_anomalies": false,
      "show_websocket": false,
      "show_llm": false,
      "show_langgraph": false,
      "show_agents": false,
      "follow_logs": false
    }
  }
}