{
  "investigation_id": "auto-comp-1b8f14e1f64c",
  "start_timestamp": "2025-12-12T03:36:14.649240+00:00",
  "end_timestamp": "2025-12-12T03:41:28.423358+00:00",
  "status": "completed",
  "node_executions": [
    {
      "execution_id": "08b8b351-c012-40d2-871f-ff93433172e1",
      "investigation_id": "auto-comp-1b8f14e1f64c",
      "node_name": "agent_initialization",
      "node_type": "NodeType.START",
      "timestamp": "2025-12-12T03:36:14.649281+00:00",
      "duration_ms": 0,
      "status": "NodeStatus.IN_PROGRESS",
      "input_state": {
        "investigation_id": "auto-comp-1b8f14e1f64c",
        "entity_type": "email",
        "entity_id": "thejockerchileno16@gmail.com"
      },
      "output_state": {
        "phase": "agent_initialization",
        "agents_to_initialize": [
          "device",
          "location",
          "network",
          "logs",
          "risk"
        ]
      },
      "state_changes": {
        "added": {
          "phase": "agent_initialization",
          "agents_to_initialize": [
            "device",
            "location",
            "network",
            "logs",
            "risk"
          ]
        },
        "removed": [
          "entity_type",
          "entity_id",
          "investigation_id"
        ]
      },
      "metadata": {
        "phase_type": "initialization",
        "investigation_complexity": "high"
      },
      "agent_name": null,
      "tool_name": null,
      "error_message": null,
      "retry_count": 0
    },
    {
      "execution_id": "8cd816d3-b210-46df-8e86-97ea958bd3fb",
      "investigation_id": "auto-comp-1b8f14e1f64c",
      "node_name": "agent_initialization",
      "node_type": "NodeType.START",
      "timestamp": "2025-12-12T03:36:14.674960+00:00",
      "duration_ms": 100,
      "status": "NodeStatus.COMPLETED",
      "input_state": {
        "investigation_id": "auto-comp-1b8f14e1f64c",
        "entity_type": "email",
        "entity_id": "thejockerchileno16@gmail.com"
      },
      "output_state": {
        "phase": "agent_initialization",
        "agents_initialized": [
          "device",
          "location",
          "network",
          "logs",
          "risk"
        ],
        "graph_created": true
      },
      "state_changes": {
        "added": {
          "graph_created": true,
          "phase": "agent_initialization",
          "agents_initialized": [
            "device",
            "location",
            "network",
            "logs",
            "risk"
          ]
        },
        "removed": [
          "entity_type",
          "entity_id",
          "investigation_id"
        ]
      },
      "metadata": {
        "phase_type": "initialization",
        "investigation_complexity": "high"
      },
      "agent_name": null,
      "tool_name": null,
      "error_message": null,
      "retry_count": 0
    },
    {
      "execution_id": "6eae2919-67e2-4d71-9303-726b190918a3",
      "investigation_id": "auto-comp-1b8f14e1f64c",
      "node_name": "context_preparation",
      "node_type": "NodeType.CONDITION",
      "timestamp": "2025-12-12T03:36:14.675169+00:00",
      "duration_ms": 50,
      "status": "NodeStatus.IN_PROGRESS",
      "input_state": {
        "phase": "context_preparation",
        "investigation_data": "loaded"
      },
      "output_state": {
        "phase": "context_preparation",
        "agent_context_created": true,
        "investigation_query": "prepared"
      },
      "state_changes": {
        "added": {
          "agent_context_created": true,
          "investigation_query": "prepared"
        },
        "removed": [
          "investigation_data"
        ]
      },
      "metadata": {
        "phase_type": "context_preparation",
        "query_length": 423
      },
      "agent_name": null,
      "tool_name": null,
      "error_message": null,
      "retry_count": 0
    },
    {
      "execution_id": "625c771d-6892-44dc-ac3b-1bfbaffd8d5e",
      "investigation_id": "auto-comp-1b8f14e1f64c",
      "node_name": "context_preparation",
      "node_type": "NodeType.CONDITION",
      "timestamp": "2025-12-12T03:36:14.678617+00:00",
      "duration_ms": 75,
      "status": "NodeStatus.COMPLETED",
      "input_state": {
        "phase": "context_preparation",
        "investigation_data": "loaded"
      },
      "output_state": {
        "phase": "context_preparation",
        "agent_context_created": true,
        "investigation_query": "prepared",
        "context_complete": true
      },
      "state_changes": {
        "added": {
          "agent_context_created": true,
          "context_complete": true,
          "investigation_query": "prepared"
        },
        "removed": [
          "investigation_data"
        ]
      },
      "metadata": {
        "phase_type": "context_preparation",
        "query_length": 1142
      },
      "agent_name": null,
      "tool_name": null,
      "error_message": null,
      "retry_count": 0
    },
    {
      "execution_id": "007d2736-b3b0-4463-b97b-5acce13bff64",
      "investigation_id": "auto-comp-1b8f14e1f64c",
      "node_name": "agent_execution",
      "node_type": "NodeType.PARALLEL",
      "timestamp": "2025-12-12T03:36:14.678730+00:00",
      "duration_ms": 0,
      "status": "NodeStatus.IN_PROGRESS",
      "input_state": {
        "phase": "agent_execution",
        "agents_ready": [
          "device",
          "location",
          "network",
          "logs",
          "risk"
        ]
      },
      "output_state": {
        "phase": "agent_execution",
        "execution_started": true,
        "parallel_mode": true
      },
      "state_changes": {
        "added": {
          "parallel_mode": true,
          "execution_started": true
        },
        "removed": [
          "agents_ready"
        ]
      },
      "metadata": {
        "phase_type": "agent_execution",
        "execution_mode": "parallel",
        "agent_count": 5
      },
      "agent_name": null,
      "tool_name": null,
      "error_message": null,
      "retry_count": 0
    },
    {
      "execution_id": "32a5f960-1fb8-400c-92f7-535687aaaaf6",
      "investigation_id": "auto-comp-1b8f14e1f64c",
      "node_name": "device_analysis_agent",
      "node_type": "NodeType.AGENT",
      "timestamp": "2025-12-12T03:36:14.682742+00:00",
      "duration_ms": 0,
      "status": "NodeStatus.IN_PROGRESS",
      "input_state": {
        "device_data": "loaded",
        "historical_patterns": "available",
        "fingerprint_inconsistencies": true
      },
      "output_state": {
        "device_analysis": "in_progress",
        "spoofing_indicators": "detected"
      },
      "state_changes": {
        "added": {
          "device_analysis": "in_progress",
          "spoofing_indicators": "detected"
        },
        "removed": [
          "fingerprint_inconsistencies",
          "historical_patterns",
          "device_data"
        ]
      },
      "metadata": {
        "analysis_type": "device_fingerprinting",
        "risk_level": "high",
        "confidence": 95.0
      },
      "agent_name": "DeviceAnalysisAgent",
      "tool_name": null,
      "error_message": null,
      "retry_count": 0
    }
  ],
  "state_transitions": [
    {
      "transition_id": "df154f74-7703-41a6-801c-f225bfd3b731",
      "investigation_id": "auto-comp-1b8f14e1f64c",
      "from_node": "agent_initialization",
      "to_node": "context_preparation",
      "timestamp": "2025-12-12T03:36:14.674998+00:00",
      "state_before": {
        "phase": "agent_initialization",
        "agents_initialized": [
          "device",
          "location",
          "network",
          "logs",
          "risk"
        ]
      },
      "state_after": {
        "phase": "context_preparation",
        "context_ready": false
      },
      "transition_reason": "Agent graph successfully created, proceeding to context preparation",
      "condition_result": null
    },
    {
      "transition_id": "76759a39-2fe5-442a-a128-31b6c6c7131e",
      "investigation_id": "auto-comp-1b8f14e1f64c",
      "from_node": "context_preparation",
      "to_node": "agent_execution",
      "timestamp": "2025-12-12T03:36:14.678643+00:00",
      "state_before": {
        "phase": "context_preparation",
        "context_complete": true
      },
      "state_after": {
        "phase": "agent_execution",
        "agents_ready": true
      },
      "transition_reason": "Agent context successfully prepared, initiating real LangGraph agent execution",
      "condition_result": null
    }
  ],
  "agent_coordinations": [],
  "final_state": {
    "investigation_status": "completed",
    "final_risk_score": 1,
    "investigation_outcome": "legitimate",
    "agent_execution_duration_ms": 0,
    "real_agent_execution": true
  },
  "journey_metadata": {
    "initial_state": {
      "emergency_created": true,
      "first_node": "agent_initialization",
      "agent_name": null
    },
    "started_at": "2025-12-12T03:36:14.649242+00:00",
    "completed_at": "2025-12-12T03:41:28.423358+00:00",
    "total_duration_ms": 225,
    "total_nodes_executed": 6,
    "total_state_transitions": 2,
    "total_agent_coordinations": 0,
    "unique_agents_involved": [
      "DeviceAnalysisAgent"
    ],
    "execution_path": [
      "agent_initialization",
      "agent_initialization",
      "context_preparation",
      "context_preparation",
      "agent_execution",
      "device_analysis_agent"
    ]
  }
}